"Provinsi","Tahun","Rate_per100k","Sanitasi","Kemiskinan","Merokok","Kepadatan","Penduduk","RumahLayak","LamaSekolah","AirMinum","Penduduk_jiwa","Y","E","SMR","RR","Provinsi_geo"
"Aceh",2020,33.4,77.06,15.43,28.06,91,5274.9,63.21,9.71,87.66,5274900,1762,3654.47714513198,0.482148315620774,0.4821,"Aceh"
"Aceh",2021,34.61,77.55,15.53,28.3,92,5333.7,64.43,9.77,88.79,5333700,1846,3695.21407969638,0.4995651023693,0.5005,"Aceh"
"Aceh",2022,52.56,77.48,14.75,27.58,95,5407.9,64.18,9.79,89.7,5407900,2842,3746.6202114086,0.758550330600898,0.7593,"Aceh"
"Aceh",2023,62,78.85,14.45,28.66,96,5482.5,65.91,9.89,89.74,5482500,3399,3798.30346512466,0.894873206211406,0.8953,"Aceh"
"Aceh",2024,66,81.1,12.64,28.61,98,5554.8,67.76,9.95,90.08,5554800,3666,3848.39326731865,0.952605346010875,0.9523,"Aceh"
"Aceh",2025,68,82.21,12.22,28.19,99,5626,71.15,10.42,92.06,5626000,3826,3897.72098400207,0.981599251383964,0.9815,"Aceh"
"Sumatera Utara",2020,33.1,81.08,9.14,27.28,203,14799.4,67.44,9.83,89.68,14799400,4899,10253.0984590544,0.477806783926251,0.478,"Sumatera Utara"
"Sumatera Utara",2021,35.29,82.02,8.49,27.24,205,14936.2,69.48,9.88,90.89,14936200,5271,10347.8741843675,0.509379985307791,0.5098,"Sumatera Utara"
"Sumatera Utara",2022,56.45,82.3,8.33,25.32,209,15115.2,67.26,9.99,92.13,15115200,8533,10471.8862810857,0.814848420901237,0.8149,"Sumatera Utara"
"Sumatera Utara",2023,69,84.18,8.15,26.28,212,15386.6,70.95,10.07,92.19,15386600,10617,10659.9135606908,0.995974305002902,0.9958,"Sumatera Utara"
"Sumatera Utara",2024,68,85.73,7.19,26.69,215,15588.5,73.47,10.18,92.94,15588500,10600,10799.7908921287,0.981500485136768,0.9814,"Sumatera Utara"
"Sumatera Utara",2025,74,87.47,7.24,26.41,218,15785.8,76.89,10.29,93.24,15785800,11681,10936.4813205226,1.06807661967843,1.0678,"Sumatera Utara"
"Sumatera Barat",2020,25.7,68.11,6.56,30.08,132,5534.5,56.87,9.34,83.37,5534500,1422,3834.32932562379,0.37086016333995,0.3733,"Sumatera Barat"
"Sumatera Barat",2021,35.77,68.68,6.04,30.5,133,5580.2,56.67,9.46,83.4,5580200,1996,3865.99051456245,0.516297179851179,0.516,"Sumatera Barat"
"Sumatera Barat",2022,55.33,69.27,6.04,30.27,134,5640.6,58.18,9.51,85.23,5640600,3121,3907.83593714221,0.798651747463682,0.798,"Sumatera Barat"
"Sumatera Barat",2023,64,70.97,5.95,30.42,137,5757.2,59.85,9.59,85.59,5757200,3685,3988.61700126141,0.923879128739261,0.9232,"Sumatera Barat"
"Sumatera Barat",2024,62,72.82,5.42,31.45,139,5836.2,62.29,9.72,86.85,5836200,3618,4043.34859701971,0.894802887553839,0.8947,"Sumatera Barat"
"Sumatera Barat",2025,62,74.59,5.31,30.48,140,5914.3,63.7,10.03,87.26,5914300,3667,4097.45666826936,0.894945400740217,0.8952,"Sumatera Barat"
"Riau",2020,31.69,83.99,7.04,28.06,73,6394.1,68.44,9.47,88.25,6394100,2026,4429.8645118748,0.457350330821418,0.4569,"Riau"
"Riau",2021,33.45,83.64,7,28.34,75,6493.6,70.63,9.52,89.76,6493600,2172,4498.79861032987,0.482795561244459,0.4832,"Riau"
"Riau",2022,42.8,84.06,6.84,26.86,74,6614.4,69.43,9.54,90.07,6614400,2831,4582.48945548939,0.617786473378293,0.6196,"Riau"
"Riau",2023,49,84.58,6.68,27.76,74,6642.9,71.53,9.6,90.47,6642900,3255,4602.23439826295,0.707265149560517,0.7092,"Riau"
"Riau",2024,70,86.32,6.36,28.02,75,6728.1,74.8,9.69,92.24,6728100,4710,4661.26138508075,1.01045609994652,1.0091,"Riau"
"Riau",2025,72,91.21,6.3,28.88,76,6811.2,80.22,9.8,92.17,6811200,4904,4718.8334813784,1.03923989251842,1.0378,"Riau"
"Jambi",2020,22.68,77.82,7.97,28.01,71,3548.2,61.41,8.97,78.86,3548200,805,2458.21073505797,0.32747395840374,0.3307,"Jambi"
"Jambi",2021,26.3,80.36,7.67,27.47,72,3585.1,62.54,9.03,79.7,3585100,943,2483.77523991216,0.379663982814061,0.382,"Jambi"
"Jambi",2022,39.17,79.54,7.7,28.62,74,3631.1,60.85,9.07,79.19,3631100,1422,2515.6442703537,0.565262750682976,0.5675,"Jambi"
"Jambi",2023,51,83.04,7.58,28.67,75,3679.2,64.12,9.16,80.02,3679200,1876,2548.9681913154,0.735984076377152,0.7356,"Jambi"
"Jambi",2024,61,83.97,7.26,29.76,76,3724.3,66.21,9.26,82.16,3724300,2272,2580.21369724829,0.880547220729433,0.8777,"Jambi"
"Jambi",2025,65,85.88,6.89,30.29,77,3768.5,68.42,9.32,82.46,3768500,2450,2610.83567867256,0.938396858911346,0.9353,"Jambi"
"Sumatera Selatan",2020,29.37,76.94,12.98,30.56,92,8467.4,55.25,8.68,80.78,8467400,2487,5866.25713827571,0.423950048792272,0.4244,"Sumatera Selatan"
"Sumatera Selatan",2021,40.3,77.29,12.79,30.65,93,8550.9,57.86,8.78,84.7,8550900,3446,5924.10635657719,0.581691109609149,0.5808,"Sumatera Selatan"
"Sumatera Selatan",2022,55.5,78.62,11.95,30.49,100,8657,59.96,8.82,86.35,8657000,4805,5997.61296809561,0.801152062588944,0.8009,"Sumatera Selatan"
"Sumatera Selatan",2023,61,80.54,11.78,30.91,101,8743.5,61.82,8.9,87.19,8743500,5334,6057.5406014259,0.880555385587415,0.8807,"Sumatera Selatan"
"Sumatera Selatan",2024,55,82.36,10.51,31.01,102,8837.3,63.21,8.98,87.23,8837300,4861,6122.52571132625,0.793953382834716,0.7949,"Sumatera Selatan"
"Sumatera Selatan",2025,63,85.5,9.85,31.02,103,8928.5,65.74,9.28,86.82,8928500,5625,6185.70952820165,0.909354048125719,0.9093,"Sumatera Selatan"
"Bengkulu",2020,20.27,78.1,15.3,32.31,101,2010.7,47.94,9.2,62.47,2010700,408,1393.02303280003,0.292888193801006,0.2948,"Bengkulu"
"Bengkulu",2021,23.27,79.81,14.43,33.17,102,2032.9,51.36,9.26,67.39,2032900,473,1408.40330401312,0.335841302453799,0.3382,"Bengkulu"
"Bengkulu",2022,40.65,79.58,14.34,32.16,102,2060.1,54.98,9.28,73.07,2060100,837,1427.2476002742,0.586443445299327,0.5856,"Bengkulu"
"Bengkulu",2023,42,80.28,14.04,31.86,104,2086,54.74,9.35,73.08,2086000,876,1445.19125002281,0.606148148202651,0.6085,"Bengkulu"
"Bengkulu",2024,44,83.01,12.52,32.96,105,2112.2,56.52,9.4,72.1,2112200,929,1463.34274127429,0.634847854707652,0.6357,"Bengkulu"
"Bengkulu",2025,48,85.75,11.88,32.03,106,2138,57.97,9.71,70.47,2138000,1026,1481.21711052194,0.692673607880797,0.6909,"Bengkulu"
"Lampung",2020,39.38,78.81,12.76,33.43,260,9007.8,53.22,8.51,74.97,9007800,3547,6240.64896546282,0.568370376162785,0.5668,"Lampung"
"Lampung",2021,40.24,83.89,11.67,34.07,262,9081.8,61.56,8.56,80.2,9081800,3655,6291.91653617312,0.580904082084828,0.5801,"Lampung"
"Lampung",2022,54.29,83.65,11.44,33.81,273,9176.6,61.24,8.61,81.6,9176600,4982,6357.59445108308,0.783629726358414,0.7836,"Lampung"
"Lampung",2023,52,84.58,11.11,34.08,277,9314,63.15,8.72,82.78,9314000,4843,6452.78585940193,0.750528547750206,0.7519,"Lampung"
"Lampung",2024,59,85.44,10.62,33.84,281,9419.6,65.96,8.8,84.51,9419600,5558,6525.94606841555,0.851677280463557,0.8524,"Lampung"
"Lampung",2025,65,87.29,9.66,34.25,284,9522.9,68.78,9,85.13,9522900,6190,6597.51282590709,0.938232355637586,0.9385,"Lampung"
"Kepulauan Bangka Belitung",2020,27.5,92.58,4.89,28.23,89,1455.7,30.64,8.49,75.06,1455700,400,1008.51625247277,0.396622264657851,0.3945,"Kepulauan Bangka Belitung"
"Kepulauan Bangka Belitung",2021,25.7,92.24,4.67,28.16,90,1473.2,27.6,8.54,73.4,1473200,379,1020.64034014075,0.371335508792191,0.3759,"Kepulauan Bangka Belitung"
"Kepulauan Bangka Belitung",2022,41.54,91.63,4.61,26.84,90,1494.6,30.79,8.57,80.96,1494600,621,1035.46636734616,0.599729763885608,0.6042,"Kepulauan Bangka Belitung"
"Kepulauan Bangka Belitung",2023,44,93.21,4.52,27.33,91,1511.9,32.57,8.66,81.64,1511900,665,1047.45189401222,0.634874025052118,0.6427,"Kepulauan Bangka Belitung"
"Kepulauan Bangka Belitung",2024,60,94.16,5.08,27.97,92,1531.5,30.72,8.78,82.97,1531500,919,1061.03087220035,0.866138793958173,0.8621,"Kepulauan Bangka Belitung"
"Kepulauan Bangka Belitung",2025,63,96.45,4.77,27.71,93,1550.8,33.13,9.09,83.54,1550800,977,1074.4020088856,0.909343050292104,0.9046,"Kepulauan Bangka Belitung"
"Kepulauan Riau",2020,35.26,89.19,6.13,26.16,252,2064.6,48.19,10.22,90.41,2064600,728,1430.3652228174,0.50896092018097,0.5021,"Kepulauan Riau"
"Kepulauan Riau",2021,37.09,91.62,5.75,26.17,258,2118.2,50.23,10.38,90.83,2118200,786,1467.49957133188,0.535604926471383,0.53,"Kepulauan Riau"
"Kepulauan Riau",2022,41.92,87.74,6.03,23.08,264,2179.8,46.69,10.46,91.82,2179800,914,1510.17635992316,0.605227325930664,0.6089,"Kepulauan Riau"
"Kepulauan Riau",2023,49,91.1,5.69,25.49,260,2152.6,54.21,10.52,92.1,2152600,1055,1491.33206366208,0.707421254934577,0.7101,"Kepulauan Riau"
"Kepulauan Riau",2024,50,91.23,4.78,25.46,264,2183.3,57.19,10.65,94.71,2183300,1092,1512.60117745676,0.721935177808109,0.7256,"Kepulauan Riau"
"Kepulauan Riau",2025,50,90.96,4.26,24.67,268,2213.5,59.03,10.78,94.6,2213500,1107,1533.52388874664,0.721866811546549,0.7271,"Kepulauan Riau"
"DKI Jakarta",2020,53.01,93.04,4.69,25.75,15907,10562.1,33.18,11.17,99.84,10562100,5599,7317.47579188202,0.765154564120527,0.7647,"Dki Jakarta"
"DKI Jakarta",2021,59.3,95.17,4.67,24.44,15978,10609.7,40,11.2,99.86,10609700,6292,7350.45331033892,0.856001627974409,0.8555,"Dki Jakarta"
"DKI Jakarta",2022,100.47,92.79,4.61,21.25,16158,10680,36.23,11.3,97.93,10680000,10730,7399.1575025137,1.45016510276403,1.4488,"Dki Jakarta"
"DKI Jakarta",2023,103,93.5,4.44,22.6,16146,10672.1,38.8,11.42,99.42,10672100,10992,7393.68434293788,1.48667423305663,1.4861,"Dki Jakarta"
"DKI Jakarta",2024,86,94.01,4.14,22.56,16165,10684.9,39,11.49,99.96,10684900,9189,7402.55224706074,1.24132862468463,1.2421,"Dki Jakarta"
"DKI Jakarta",2025,86,93.98,4.03,25.17,16155,10678,37.71,11.58,99.98,10678000,9183,7397.77189249451,1.24131970185735,1.2424,"Dki Jakarta"
"Jawa Barat",2020,63.77,71.4,8.43,32.55,1365,48274.2,52.28,8.96,93.42,48274200,30784,33444.6075943677,0.920447337082353,0.9204,"Jawa Barat"
"Jawa Barat",2021,71.35,71.66,7.97,32.68,1379,48782.4,53.14,9.03,93.24,48782400,34806,33796.6911002457,1.02986413364434,1.0298,"Jawa Barat"
"Jawa Barat",2022,124.54,74.02,7.98,32.07,1334,49405.8,53.37,9.14,93.04,49405800,61530,34228.5857432296,1.79762028327947,1.7973,"Jawa Barat"
"Jawa Barat",2023,122,74.88,7.62,32.78,1346,49860.3,54.17,9.16,93.86,49860300,60830,34543.4656200921,1.76096980740167,1.7608,"Jawa Barat"
"Jawa Barat",2024,92,75.1,7.08,32.98,1359,50345.2,56.25,9.24,94.9,50345200,46318,34879.4067692465,1.32794689733195,1.3283,"Jawa Barat"
"Jawa Barat",2025,97,76.2,6.78,32.07,1370,50759,58.46,9.46,95.84,50759000,49236,35166.0894822185,1.4000988089647,1.4004,"Jawa Barat"
"Jawa Tengah",2020,48.63,83.24,11.84,27.7,1113,36516,67.93,8.19,94.07,36516000,17758,25298.4677305047,0.701939745488519,0.7019,"Jawa Tengah"
"Jawa Tengah",2021,51.91,83.28,11.25,28.24,1120,36742.5,66.47,8.26,93.62,36742500,19073,25455.3880651788,0.749271625762034,0.7493,"Jawa Tengah"
"Jawa Tengah",2022,83.37,84.37,10.98,28.72,1078,37032.4,67.02,8.38,93.32,37032400,30874,25656.2322374615,1.20337233130124,1.2032,"Jawa Tengah"
"Jawa Tengah",2023,110,85.2,10.77,28.55,1093,37541,68.85,8.44,93.76,37541000,41295,26008.5928653434,1.58774448943856,1.5874,"Jawa Tengah"
"Jawa Tengah",2024,80,86.72,9.58,29.13,1104,37892.3,71.76,8.47,95.43,37892300,30314,26251.9752652154,1.15473215610434,1.155,"Jawa Tengah"
"Jawa Tengah",2025,84,87.51,9.39,28.48,1113,38233.9,74.74,8.62,95.73,38233900,32116,26488.6374564943,1.21244439442188,1.2127,"Jawa Tengah"
"DI Yogyakarta",2020,32.91,96.96,12.8,22.64,1171,3668.7,86.19,9.95,96.02,3668700,1207,2541.69373871461,0.474880187811458,0.4758,"Daerah Istimewa Yogyakarta"
"DI Yogyakarta",2021,33.34,97.12,11.91,24.54,1185,3712.9,85.15,10.04,95.69,3712900,1238,2572.31572013887,0.481278402300152,0.4838,"Daerah Istimewa Yogyakarta"
"DI Yogyakarta",2022,58.94,96.21,11.49,23.97,1186,3761.9,84.94,10.07,96.5,3761900,2217,2606.2631656092,0.850643184945517,0.8503,"Daerah Istimewa Yogyakarta"
"DI Yogyakarta",2023,66,96.42,11.04,24.82,1178,3736.5,85.79,10.16,96.69,3736500,2466,2588.6659183654,0.952614233650182,0.9528,"Daerah Istimewa Yogyakarta"
"DI Yogyakarta",2024,75,96.71,10.4,25.18,1186,3759.5,86.68,10.23,96.91,3759500,2820,2604.60043358617,1.08269965851048,1.0811,"Daerah Istimewa Yogyakarta"
"DI Yogyakarta",2025,75,96.94,10.08,23.29,1193,3781.5,88.31,10.58,97.33,3781500,2836,2619.84214379734,1.08250796969368,1.0817,"Daerah Istimewa Yogyakarta"
"Jawa Timur",2020,45.7,80.98,11.46,27.78,851,40665.7,68.08,8.31,95.56,40665700,18584,28173.4006788363,0.659629279824931,0.6595,"Jawa Timur"
"Jawa Timur",2021,43.99,80.97,10.59,28.53,855,40878.8,66.93,8.37,95.02,40878800,17983,28321.0374263818,0.634969677461334,0.6351,"Jawa Timur"
"Jawa Timur",2022,72.84,81.13,10.49,28.51,857,41150,66.28,8.5,95.05,41150000,29974,28508.9261449849,1.05139000492563,1.0513,"Jawa Timur"
"Jawa Timur",2023,92,83.72,10.35,28.83,865,41527.9,70.74,8.53,96.01,41527900,38206,28770.7371581123,1.32794651002633,1.3277,"Jawa Timur"
"Jawa Timur",2024,75,85.56,9.56,28.72,870,41814.5,73.4,8.69,96.93,41814500,31361,28969.2950738632,1.08255999740548,1.0827,"Jawa Timur"
"Jawa Timur",2025,77,88.26,9.3,28.11,876,42089.3,76.68,8.81,97.3,42089300,32409,29159.6778905009,1.11143203027485,1.1116,"Jawa Timur"
"Banten",2020,63.9,82,6.63,31.58,1232,11904.6,56.21,9.22,92.87,11904600,7607,8247.56651726823,0.922332664316553,0.922,"Banten"
"Banten",2021,70.53,82.89,6.5,31.76,1248,12061.5,60.78,9.29,93.51,12061500,8507,8356.26762327426,1.01803824189473,1.0177,"Banten"
"Banten",2022,111.07,85.12,6.24,31.21,1310,12252,60.98,9.46,92.71,12252000,13608,8488.2469776028,1.60315787652106,1.6023,"Banten"
"Banten",2023,112,86.41,6.17,29.34,1316,12307.7,63.06,9.48,92.95,12307700,13785,8526.83621663745,1.61666058192872,1.6165,"Banten"
"Banten",2024,108,87.93,5.7,31.31,1329,12431.4,64.94,9.55,94.01,12431400,13426,8612.5361963248,1.55889040045245,1.5591,"Banten"
"Banten",2025,112,90.71,5.51,31.19,1341,12537.4,69.14,9.82,96.03,12537400,14042,8685.97352734226,1.6166293802068,1.6169,"Banten"
"Bali",2020,23.23,95.01,4.45,20.5,747,4317.4,77.05,9.31,97.36,4317400,1003,2991.11634844126,0.335326307357681,0.3388,"Bali"
"Bali",2021,24.4,95.95,4.72,19.58,755,4362.7,78.47,9.45,97.56,4362700,1064,3022.50041537608,0.352026419777219,0.3562,"Bali"
"Bali",2022,31.21,95.94,4.53,17.91,790,4415.1,81.65,9.74,98.42,4415100,1378,3058.80339787905,0.450502964968423,0.4567,"Bali"
"Bali",2023,57,95.7,4.25,18.9,788,4404.3,84.26,9.74,98.31,4404300,2510,3051.32110377538,0.822594513862992,0.8221,"Bali"
"Bali",2024,80,96.83,3.8,19.22,793,4433.3,85.99,9.87,98.32,4433300,3547,3071.41244905375,1.15484327124245,1.1494,"Bali"
"Bali",2025,83,98.2,3.42,19.02,798,4461.3,85.73,10.07,98.75,4461300,3703,3090.81098932251,1.19806743692589,1.1928,"Bali"
"Nusa Tenggara Barat",2020,30.58,82.89,14.23,30.58,286,5320.1,62.53,8.08,94.13,5320100,1627,3685.79193156584,0.441424809161379,0.4415,"Nusa Tenggara Barat"
"Nusa Tenggara Barat",2021,33.99,82.85,13.83,32.71,290,5390,62.9,8.13,94.6,5390000,1832,3734.21900173679,0.490597899894981,0.4908,"Nusa Tenggara Barat"
"Nusa Tenggara Barat",2022,46.3,83.12,13.82,33.2,278,5473.7,62.3,8.31,95.4,5473700,2534,3792.20678104019,0.668212506941652,0.6693,"Nusa Tenggara Barat"
"Nusa Tenggara Barat",2023,55,85.11,13.85,32.79,283,5560.3,66.31,8.39,96.03,5560300,3058,3852.20369487144,0.793831334534883,0.7945,"Nusa Tenggara Barat"
"Nusa Tenggara Barat",2024,57,86.8,11.91,32.4,287,5646,67.74,8.5,96.13,5646000,3218,3911.57708419404,0.822686075394843,0.8231,"Nusa Tenggara Barat"
"Nusa Tenggara Barat",2025,60,88.29,11.38,32.32,291,5731.1,71.49,8.87,96.29,5731100,3439,3970.53479051089,0.866130176775886,0.8662,"Nusa Tenggara Barat"
"Nusa Tenggara Timur",2020,28.03,69.7,21.21,26.14,109,5325.6,36.34,8.09,83.87,5325600,1493,3689.60235911863,0.404650651935469,0.4047,"Nusa Tenggara Timur"
"Nusa Tenggara Timur",2021,26.79,73.36,20.44,27.22,111,5387.7,40.41,8.2,85.4,5387700,1443,3732.62555021471,0.38659114893456,0.3884,"Nusa Tenggara Timur"
"Nusa Tenggara Timur",2022,40.14,73.7,20.23,26.76,118,5466.3,41.8,8.25,86.76,5466300,2194,3787.08002396916,0.579338167166722,0.5811,"Nusa Tenggara Timur"
"Nusa Tenggara Timur",2023,45,75.67,19.96,26.64,120,5569.1,42.7,8.31,88.35,5569100,2506,3858.30037895591,0.6495087872547,0.6516,"Nusa Tenggara Timur"
"Nusa Tenggara Timur",2024,55,77.66,19.02,27.51,122,5656,46.88,8.48,88.55,5656000,3111,3918.50513429003,0.793925207032723,0.7937,"Nusa Tenggara Timur"
"Nusa Tenggara Timur",2025,62,80.8,17.5,28.55,124,5742.6,62.27,8.88,89.86,5742600,3560,3978.50204812127,0.894809140963268,0.8935,"Nusa Tenggara Timur"
"Kalimantan Barat",2020,37.27,75.81,7.24,27.49,37,5414.4,58.81,7.9,78.83,5414400,2018,3751.12344397099,0.537972164910605,0.5383,"Kalimantan Barat"
"Kalimantan Barat",2021,42.28,78.39,6.84,27.93,37,5470.8,61.17,8,78.76,5470800,2313,3790.19764651236,0.610258412810837,0.6101,"Kalimantan Barat"
"Kalimantan Barat",2022,65.86,77.41,6.81,26.64,38,5541.4,60.74,8.1,80.43,5541400,3650,3839.10968019002,0.950741266610371,0.9501,"Kalimantan Barat"
"Kalimantan Barat",2023,68,79.89,6.71,26.96,38,5623.3,64.16,8.17,82.08,5623300,3824,3895.85041047615,0.981557194731362,0.9823,"Kalimantan Barat"
"Kalimantan Barat",2024,74,81.56,6.25,28.06,39,5695.5,65.7,8.28,82.13,5695500,4215,3945.87093216918,1.06820523845236,1.0681,"Kalimantan Barat"
"Kalimantan Barat",2025,75,88.37,5.97,27.8,39,5766,74.26,8.54,84.32,5766000,4324,3994.71368534588,1.08243051707612,1.0823,"Kalimantan Barat"
"Kalimantan Tengah",2020,25.76,72.31,5.26,28.89,17,2670,51.97,8.95,74.91,2670000,688,1849.78937562843,0.371934236981044,0.376,"Kalimantan Tengah"
"Kalimantan Tengah",2021,30.17,73.77,5.16,29.33,18,2702.2,55.34,9.03,77.05,2702200,815,1872.0976969375,0.435340528078865,0.4385,"Kalimantan Tengah"
"Kalimantan Tengah",2022,43.92,74.33,5.22,26.54,18,2741.1,54.07,9.03,77.01,2741100,1204,1899.04781181089,0.634001941663539,0.6375,"Kalimantan Tengah"
"Kalimantan Tengah",2023,51,76.31,5.11,27.24,18,2773.7,56.49,9.07,77.72,2773700,1415,1921.63325512381,0.736352785437632,0.7395,"Kalimantan Tengah"
"Kalimantan Tengah",2024,72,78.15,5.26,28.02,18,2809.7,59.92,9.17,78.71,2809700,2023,1946.57423546936,1.03926167476074,1.0348,"Kalimantan Tengah"
"Kalimantan Tengah",2025,77,83.14,4.94,27.13,19,2845,66.44,9.36,80.58,2845000,2191,1971.03025230819,1.11160140613479,1.1063,"Kalimantan Tengah"
"Kalimantan Selatan",2020,22.51,81.17,4.83,23.83,105,4073.6,52.99,8.69,70.36,4073600,917,2822.21048710111,0.324922610907706,0.3292,"Kalimantan Selatan"
"Kalimantan Selatan",2021,26.84,81.43,4.56,24.51,106,4122.6,57.5,8.74,76.4,4122600,1107,2856.15793257144,0.387583609217068,0.3918,"Kalimantan Selatan"
"Kalimantan Selatan",2022,48.73,82.55,4.61,21.89,113,4182.1,55.96,8.89,76.18,4182100,2038,2897.37983064256,0.703394141992086,0.704,"Kalimantan Selatan"
"Kalimantan Selatan",2023,60,82.89,4.29,22.24,114,4222.3,57.5,8.95,76.29,4222300,2533,2925.23059202843,0.865914641704726,0.8655,"Kalimantan Selatan"
"Kalimantan Selatan",2024,79,83.7,4.02,23.07,115,4273.4,60.6,9.02,77.34,4273400,3376,2960.63292801892,1.14029671427691,1.1361,"Kalimantan Selatan"
"Kalimantan Selatan",2025,77,86.8,3.73,23.21,116,4323.3,63.4,9.17,78.27,4323300,3329,2995.20389799789,1.11144353218331,1.1083,"Kalimantan Selatan"
"Kalimantan Timur",2020,29.98,89.17,6.64,24.42,29,3766,70.8,9.99,85.51,3766000,1129,2609.10366614856,0.432715654286968,0.4331,"Kalimantan Timur"
"Kalimantan Timur",2021,35.76,89.77,6.27,23.37,30,3808.2,70.7,10.09,85.8,3808200,1362,2638.34003755362,0.516233685049522,0.5154,"Kalimantan Timur"
"Kalimantan Timur",2022,55.45,90.33,6.44,22.21,30,3859.8,73.18,10.13,87.14,3859800,2140,2674.08877604891,0.800272608436713,0.7988,"Kalimantan Timur"
"Kalimantan Timur",2023,78,91.21,6.11,22.97,31,3909.7,75.82,10.17,87.9,3909700,3050,2708.65974602789,1.1260181366348,1.1212,"Kalimantan Timur"
"Kalimantan Timur",2024,51,91.65,5.51,23.99,32,4045.9,76.77,10.22,89.11,4045900,2063,2803.01978833522,0.735991950033739,0.7391,"Kalimantan Timur"
"Kalimantan Timur",2025,52,92.57,5.19,22.42,34,4267.6,76.87,10.3,88.45,4267600,2219,2956.61465896325,0.750520529712216,0.7538,"Kalimantan Timur"
"Kalimantan Utara",2020,34.77,82.09,7.41,25.66,9,701.8,66.73,9.3,89.5,701800,244,486.210555736341,0.501840194790659,0.4984,"Kalimantan Utara"
"Kalimantan Utara",2021,35.89,79.8,6.83,27.46,9,713.6,65.65,9.4,86.8,713600,256,494.385654849605,0.517814377275726,0.5198,"Kalimantan Utara"
"Kalimantan Utara",2022,53.06,82.22,6.86,24.23,10,727.8,67.21,9.45,89.96,727800,386,504.223485985906,0.765533559479595,0.7686,"Kalimantan Utara"
"Kalimantan Utara",2023,67,84.22,6.45,25.36,10,730,71.43,9.53,90.19,730000,489,505.747657007023,0.966885349294282,0.9613,"Kalimantan Utara"
"Kalimantan Utara",2024,57,85.17,5.38,25.93,11,739.8,69.65,9.58,89.42,739800,422,512.53714610109,0.823354957216637,0.8323,"Kalimantan Utara"
"Kalimantan Utara",2025,64,86,5.47,25.83,11,749.4,74.86,9.69,91.59,749400,480,519.188074193237,0.92452046543224,0.9299,"Kalimantan Utara"
"Sulawesi Utara",2020,51.86,85.49,7.78,27.95,189,2621.9,69.48,9.74,90.31,2621900,1360,1816.46545466673,0.748706779149577,0.7433,"Sulawesi Utara"
"Sulawesi Utara",2021,58.37,84.85,7.36,27.87,190,2638.6,69.5,9.83,91.65,2638600,1540,1828.03529832703,0.842434498616832,0.8373,"Sulawesi Utara"
"Sulawesi Utara",2022,81.07,84.05,7.34,25.29,183,2659.5,69.57,9.87,94.15,2659500,2156,1842.51492302764,1.17013977637545,1.1673,"Sulawesi Utara"
"Sulawesi Utara",2023,88,85.91,7.38,26.96,185,2681.5,72.39,9.94,94.37,2681500,2360,1857.75663323881,1.27034938687614,1.2688,"Sulawesi Utara"
"Sulawesi Utara",2024,68,87.31,6.7,26.93,186,2701.8,74.21,10.02,94.46,2701800,1837,1871.82057493366,0.981397482536542,0.9867,"Sulawesi Utara"
"Sulawesi Utara",2025,67,87.72,6.62,25.81,188,2721.4,76.84,10.1,94.86,2721400,1823,1885.3995531218,0.966903804014126,0.9739,"Sulawesi Utara"
"Sulawesi Tengah",2020,39.79,74.61,13.06,30.64,48,2985.7,58.85,9.09,84.6,2985700,1188,2068.50791715872,0.574327025845674,0.5734,"Sulawesi Tengah"
"Sulawesi Tengah",2021,38.31,76.06,12.18,29.77,49,3021.9,62.7,9.18,88.51,3021900,1158,2093.5874585062,0.553117566354859,0.5561,"Sulawesi Tengah"
"Sulawesi Tengah",2022,57.16,75.01,12.3,29.04,50,3066.1,58.61,9.17,86.74,3066100,1753,2124.20943993046,0.825248192126192,0.8278,"Sulawesi Tengah"
"Sulawesi Tengah",2023,70,75.8,12.41,28.28,50,3086.8,59.6,9.22,86.85,3086800,2161,2138.55050362915,1.01049752920623,1.0117,"Sulawesi Tengah"
"Sulawesi Tengah",2024,85,77.4,11.04,28.98,51,3121.8,62.59,9.28,87.86,3121800,2654,2162.7986789651,1.22711375118369,1.2247,"Sulawesi Tengah"
"Sulawesi Tengah",2025,84,79.62,10.52,28.48,51,3156.1,65.19,9.38,87.55,3156100,2651,2186.56189079434,1.21240565435673,1.211,"Sulawesi Tengah"
"Sulawesi Selatan",2020,39.95,88.96,8.99,24.89,194,9073.5,64.24,8.86,90.84,9073500,3625,6286.16625459346,0.576663080991713,0.5762,"Sulawesi Selatan"
"Sulawesi Selatan",2021,47.57,91.57,8.53,24.91,196,9139.5,69.11,8.95,91.18,9139500,4348,6331.89138522697,0.686682656961613,0.6856,"Sulawesi Selatan"
"Sulawesi Selatan",2022,68.76,92.24,8.66,23.76,204,9225.8,69.9,9.09,91.96,9225800,6344,6391.68045755533,0.992540231341044,0.9916,"Sulawesi Selatan"
"Sulawesi Selatan",2023,62,93.69,8.7,24.24,207,9362.3,71.88,9.12,92.12,9362300,5805,6486.24834136555,0.894970357977054,0.8958,"Sulawesi Selatan"
"Sulawesi Selatan",2024,63,93.83,7.77,24.66,209,9463.4,71.86,9.22,92.23,9463400,5962,6556.29092783597,0.909355619758605,0.9102,"Sulawesi Selatan"
"Sulawesi Selatan",2025,65,94.19,7.43,24.05,211,9563.1,78.67,9.38,93.25,9563100,6216,6625.36358729296,0.938212660799764,0.9393,"Sulawesi Selatan"
"Sulawesi Tenggara",2020,32.58,82.38,11.69,25.77,69,2624.9,66.77,9.41,92.49,2624900,855,1818.54386969553,0.470156378544308,0.4725,"Sulawesi Tenggara"
"Sulawesi Tenggara",2021,40.85,85.62,11.74,25.85,70,2659.2,70.45,9.52,91.94,2659200,1086,1842.30708152476,0.589478274762526,0.5882,"Sulawesi Tenggara"
"Sulawesi Tenggara",2022,58.35,87.07,11.27,23.35,75,2701.7,72.8,9.59,94.64,2701700,1576,1871.7512944327,0.841992205207829,0.8419,"Sulawesi Tenggara"
"Sulawesi Tenggara",2023,61,88.99,11.43,24.66,76,2749,74.01,9.62,94.8,2749000,1677,1904.52097138672,0.880536379065935,0.8825,"Sulawesi Tenggara"
"Sulawesi Tenggara",2024,67,90.62,10.63,24.8,77,2793.1,76.67,9.74,95.31,2793100,1871,1935.07367231002,0.966888251735898,0.9671,"Sulawesi Tenggara"
"Sulawesi Tenggara",2025,72,91.96,10.14,25.42,78,2836.7,80.11,9.9,94.91,2836700,2042,1965.27997072852,1.03903770985008,1.0384,"Sulawesi Tenggara"
"Gorontalo",2020,53.81,75.68,15.59,30.3,104,1171.7,65.42,8.26,94.16,1171700,630,811.759629746752,0.77609180958721,0.7715,"Gorontalo"
"Gorontalo",2021,63.49,78.58,15.41,30.5,105,1181,67.28,8.32,94.57,1181000,750,818.202716336019,0.916643253591926,0.908,"Gorontalo"
"Gorontalo",2022,101.45,79.82,15.51,30.38,99,1192.7,69.48,8.39,96.16,1192700,1210,826.308534948324,1.46434406619759,1.4515,"Gorontalo"
"Gorontalo",2023,92,81.72,15.15,30.69,101,1213.2,70.75,8.48,96,1213200,1116,840.511037645096,1.32776364618216,1.3272,"Gorontalo"
"Gorontalo",2024,73,82.99,13.87,31.61,102,1227.8,72.04,8.64,96.13,1227800,896,850.625990785237,1.05334190314697,1.0658,"Gorontalo"
"Gorontalo",2025,77,84.7,12.62,30.72,103,1242.2,75.75,8.78,95.95,1242200,956,860.602382923457,1.1108498174877,1.1224,"Gorontalo"
"Sulawesi Barat",2020,44.2,77.07,11.5,26.85,85,1419.2,50.65,8.33,72.75,1419200,627,983.22886962242,0.637694863700229,0.6308,"Sulawesi Barat"
"Sulawesi Barat",2021,50.45,80.12,11.85,27.17,86,1436.8,57.26,8.39,78.35,1436800,725,995.422237791357,0.728334140503662,0.7221,"Sulawesi Barat"
"Sulawesi Barat",2022,58.49,78.88,11.92,25.36,88,1458.6,55.37,8.47,78.98,1458600,853,1010.52538700061,0.844115359171562,0.8492,"Sulawesi Barat"
"Sulawesi Barat",2023,67,80.73,11.49,25.3,89,1481.1,59.28,8.48,79.86,1481100,992,1026.11349971658,0.966754652651973,0.9721,"Sulawesi Barat"
"Sulawesi Barat",2024,77,82.52,10.71,26.99,91,1503.2,59.95,8.56,80.14,1503200,1157,1041.42449042871,1.11097829044112,1.111,"Sulawesi Barat"
"Sulawesi Barat",2025,80,85.98,10.18,26.31,92,1525.3,66.28,8.91,83,1525300,1220,1056.73548114084,1.15449894677796,1.1546,"Sulawesi Barat"
"Maluku",2020,30.79,75.06,17.99,26.18,39,1848.9,57.5,10.2,91.68,1848900,569,1280.92718224697,0.444209481917525,0.4487,"Maluku"
"Maluku",2021,43.59,76.77,16.3,27.9,40,1862.6,60.69,10.25,93.21,1862600,812,1290.41861087847,0.629253168820327,0.6258,"Maluku"
"Maluku",2022,63.12,76.47,16.23,26.8,41,1881.7,60.66,10.37,92.1,1881700,1188,1303.6511865618,0.911286709394393,0.9079,"Maluku"
"Maluku",2023,72,78.17,16.42,28.04,42,1920.5,63.61,10.38,92.98,1920500,1383,1330.53202093423,1.03943383416577,1.0369,"Maluku"
"Maluku",2024,57,80.51,15.78,29.43,42,1945.6,66.13,10.44,93.32,1945600,1109,1347.92142667516,0.822748253758018,0.8283,"Maluku"
"Maluku",2025,63,83.09,15.25,27.59,43,1970.6,69.15,10.63,92.83,1970600,1241,1365.24155191512,0.908996652100986,0.912,"Maluku"
"Maluku Utara",2020,35.25,75.99,6.97,29.83,40,1282.9,62.14,9.42,86.9,1282900,452,888.799546814123,0.508551114388144,0.5127,"Maluku Utara"
"Maluku Utara",2021,41.05,77.11,6.38,29.84,41,1299.2,63.85,9.51,88.66,1299200,533,900.092268470581,0.592161513514235,0.5947,"Maluku Utara"
"Maluku Utara",2022,65.52,79.39,6.37,28.82,40,1319.3,65.42,9.6,88.1,1319300,864,914.017649163514,0.94527715169473,0.9427,"Maluku Utara"
"Maluku Utara",2023,67,80.64,6.46,28.82,41,1337.1,68.17,9.61,89.01,1337100,896,926.34957833437,0.967237445728706,0.9712,"Maluku Utara"
"Maluku Utara",2024,78,82.32,6.03,29.72,41,1355.6,68.05,9.7,88.92,1355600,1057,939.166471011946,1.12546607297542,1.1223,"Maluku Utara"
"Maluku Utara",2025,80,84.12,5.59,29.08,42,1373.8,74.49,9.78,90.01,1373800,1099,951.775522186641,1.15468403460841,1.153,"Maluku Utara"
"Papua Barat",2020,23.97,78.71,21.7,25.8,11,1134.1,55.44,10,79.56,1134100,272,785.710161385842,0.346183635350018,0.3622,"Papua Barat"
"Papua Barat",2021,30.83,77.89,21.82,27.07,11,1156.8,57.9,10.03,81.68,1156800,357,801.436835103732,0.445449952339404,0.456,"Papua Barat"
"Papua Barat",2022,43.22,73.52,21.43,24.8,12,1183.3,53.81,10.14,81.57,1183300,511,819.796167858096,0.623325675375019,0.6384,"Papua Barat"
"Papua Barat",2023,91,76.3,20.49,25.3,12,1187.3,56.92,10.14,81.57,1187300,1080,822.567387896491,1.31296233705767,1.2952,"Papua Barat"
"Papua Barat",2024,86,79,21.09,25.9,10,578.7,58.22,9.87,82.38,578700,498,400.926259054745,1.24212367923748,1.2165,"Papua Barat"
"Papua Barat",2025,88,78.55,19.58,27.76,10,587.6,59.11,9.9,82.95,587600,517,407.092223640173,1.26998250022327,1.2498,"Papua Barat"
"Papua",2020,46.31,40.31,26.8,26.97,13,4303.7,28.56,6.96,62.73,4303700,1993,2981.62491980976,0.66842746945084,0.6676,"Papua"
"Papua",2021,49.84,40.81,27.38,24.91,14,4355.4,28.92,7.05,64.92,4355400,2171,3017.44293880601,0.719483365229453,0.7194,"Papua"
"Papua",2022,75,40.34,26.8,22.22,14,4418.6,27.28,7.31,65.39,4418600,3314,3061.22821541265,1.08257201580552,1.0821,"Papua"
"Papua",2023,91,43,26.03,22.3,14,4482.7,29.01,7.34,66.49,4482700,4079,3105.63701652792,1.3134181420082,1.3123,"Papua"
"Papua",2024,57,80.57,18.09,22.11,13,1060.6,62.15,10.7,85.84,1060600,605,734.78899318034,0.823365626887546,0.8284,"Papua"
"Papua",2025,58,76.71,17.82,22.02,13,1073.6,58.41,10.65,87.7,1073600,623,743.795458305123,0.837595864620661,0.8484,"Papua"
